Problem,Home Remedy,
Heart Problems,Eating almonds or drinking almond milk daily / mix a clove or two of minced garlic with a glass of warm milk,
Chest Pains, Icing the area with a cold pack /turmeric milk with a teaspoon of turmeric in warm milk,
Fever,20ml. of decotion  with 5gm of sugar taken 3-4 times a day ,
Inflammation,Adding turmeric to the everyday meals,
Severe allergic reactions,A teaspoon of local honey taken every day,
Heart stroke,"Drinking natural, sugar-free pomegranate juice can benefit your heart",
Parasitic infections,Clove oil can be topically applied ,
Infections caused by pork tapeworm and dog tapeworm,Mix three or four tablespoons of hot water with one tablespoon of raw papaya juice and honey to kill tapeworms,
Treatment of Anxiety,"Some herbal teas, such as chamomile or valerian root, may have calming effects",
Panic disorder,Take a few tablespoons of dried whole chamomile add in boiling water and filter it and drink,
Acidity,"Having around 1 teaspoon fennel powder with a glass of warm water relieves acidity and its symptoms like heartburn, bloating and improves digestion",
Stomach ulcers,Take honey with a glass of warm water to relieve stomach ulcers,
Bloating,"Boil some ajwain in water, allow it to cool and then drink it",
High blood pressure,"Having  vegetables like spinach,kale in the diet which are rich in potassium",
Angina (heart-related chest pain),Eating almonds or drinking almond milk daily / mix a clove or two of minced garlic with a glass of warm milk,
Bacterial infections,Yoghurt and other probiotics have an ample amount of good bacteria that help stave off many fungal infections,
Nausea,Applying a cold compress to the back of the neck may help reduce nausea symptoms,
Vomiting,Peppermint may help calm the stomach muscles and reduce nausea,
Headache,Chamomile tea may have calming effects that could help ease headache discomfort,
Diarrhea,"Bananas are easy to digest and can help replenish potassium, which may be lost during diarrhea",
Stomach cramps,Apply a hot water bottle or a warm compress to your abdomen. Heat can help relax the muscles and relieve cramping,
Cholesterol,"Foods fortified with plant sterols and stanols, such as certain margarines, can help lower cholesterol",
Bradycardia,"Dehydration can contribute to bradycardia,Ensure you are drinking an adequate amount of water throughout the day",
Migraine headache,Inhaling the aroma of lavender oil or applying it topically may provide relief from migraine pain,
Eye disorders,"Applying a warm compress to your closed eyes can help relieve eye strain, reduce dryness, and soothe irritated eyes",
Anemia,"Beetroot is rich in iron and can be consumed in salads, juices, or cooked forms",
Scabies,Coconut oil may help moisturize the skin and reduce itching.apply coconut oil to the affected areas.,
Lice infestations,"Combine essential oils such as lavender, eucalyptus, and tea tree oil with a carrier oil,Apply the mixture to the scalp and leave it on for a few hours before combing through the hair",
Skin conditions,"Apply fresh aloe vera gel to soothe sunburn, minor burns, and irritated skin,Aloe vera has anti-inflammatory and moisturizing properties.",
Swelling and itching,Apply a cold compress or ice pack wrapped in a thin cloth to the affected area for about 10-15 minutes.,
Asthma,"Practices like deep breathing exercises, diaphragmatic breathing, and pursed-lip breathing may help improve lung function and manage asthma symptoms",
Chronic obstructive pulmonary disease (COPD),"Managing stress levels ,improving air quality, practicing breathing exercises ",
"Relieve itching and skin conditions (poison ivy, sunburn)","Mix baking soda with water to create a paste. Apply the paste to the itchy area, leave it on for 10-15 minutes, and then rinse off with cool water",
Bone health,"Expose your boady for sunlight for vitmainD and take food like egg yolks,fatty fish and milk,cheese",
Ear Infections,"Warm some olive oil and put a few drops into the affected ear,this can help soften earwax and provide relief from discomfort",
Ear pain and inflammation,"Heat a small piece of onion and wrap it in a cloth ,place the warm compress against the affected ear for about 15 minutes",
Treatment of bacterial eye/ear infections,"Use warm compresses and wash eyes with saline solution. For ear infections, apply warm garlic-infused olive oil drops and avoid inserting anything into the ear canal.",
Uncomplicated urinary tract infections (UTIs),Drink plenty of water and unsweetened cranberry juice to help flush out bacteria. Consume probiotics to promote healthy gut flora.,
Abdominal infections,Consume ginger tea to reduce inflammation and discomfort. Apply warm compresses to the affected area for pain relief and improved circulation.,
Typhoid fever,"Drink boiled and cooled water. Eat small, bland meals. Consume probiotics and electrolyte-rich fluids like coconut water to stay hydrated. Consult a doctor for antibiotics if needed.",
Fungal skin infections (candidiasis),"Apply tea tree oil directly to the affected area using a cotton swab or pad. Keep the area clean and dry, and avoid tight-fitting clothing. Use antifungal creams or powders as directed by a healthcare professional.",
Common cold,"Drink plenty of fluids like water, herbal teas, and broths to stay hydrated. Gargle with warm salt water to soothe a sore throat. Rest and consume foods rich in vitamin C, such as oranges and bell peppers.",
Respiratory infections,Inhale steam with a few drops of eucalyptus or peppermint oil to help clear nasal passages. Drink warm herbal teas with honey and lemon to soothe the throat. Rest and stay hydrated with plenty of fluids like water and broths.,
Cough symptoms,Drink warm honey and lemon water to soothe the throat. Gargle with salt water to reduce irritation. Use cough drops or lozenges to alleviate coughing. Steam inhalation with eucalyptus oil can also help loosen congestion.,
Dehydration,Drink plenty of water throughout the day to rehydrate. Consume electrolyte-rich fluids like coconut water or sports drinks,
Provide energy,Consume complex carbohydrates like whole grains and fruits for sustained energy. Snack on nuts or seeds for a quick energy boost. Stay hydrated by drinking water throughout the day. Get regular exercise to improve circulation and boost energy levels.,
Correct imbalances in blood sugar levels,"Consume high-fiber foods like fruits, vegetables, and whole grains to stabilize blood sugar levels. Eat smaller, more frequent meals throughout the day. Incorporate protein-rich foods like lean meats, eggs, and legumes to prevent spikes. Avoid sugary foods and drinks.",
Restore fluid balance,Drink electrolyte-rich fluids like coconut water or sports drinks to restore fluid balance. Consume foods with high water content such as fruits and vegetables,
Muscle spasms and seizures,Gently stretch and massage the affected area. Apply heat or ice packs to alleviate pain and reduce inflammation,
NSAID used to relieve pain,Mix turmeric powder with warm water or milk and drink it as a tea.,
Arthritis,Massage warm olive oil or coconut oil onto the affected joints to improve circulation and reduce inflammation.,
Joint pain,Apply a mixture of equal parts apple cider vinegar and water to the painful joints for relief.,
Postoperative pain,"Take prescribed pain medication as directed by your doctor. Additionally, apply ice packs to the surgical site for 15-20 minutes at a time to reduce swelling and numb the area, helping to alleviate postoperative pain.",
IBS (Irritable bowel syndrome),"Consume peppermint tea to relax the digestive tract and reduce symptoms. Increase fiber intake gradually through fruits, vegetables, and whole grains to regulate bowel movements. Avoid trigger foods like dairy and spicy foods.",
Other gastrointestinal conditions,Consume probiotic-rich foods like yogurt or kefir to promote gut health. Drink chamomile tea to soothe digestive discomfort and reduce inflammation. Avoid trigger foods such as fatty or spicy meals.,
Filariasis,"Include practicing good hygiene, avoiding mosquito bites by using insect repellent and bed nets, and elevating swollen limbs to reduce swelling.",
Blocking dopamine receptors in the brain and digestive system,Consult a healthcare professional for conditions involving blocking dopamine receptors. Home remedies are not appropriate for altering neurotransmitter function.,
Increasing the movement or contractions of the stomach and intestines,"Consume foods rich in dietary fiber such as fruits, vegetables, whole grains, and legumes.",
Gastrointestinal disorders,"Consume a bland diet consisting of easily digestible foods like bananas, rice, applesauce, and toast (BRAT diet). Avoiding spicy, fatty, and acidic foods can also help alleviate symptoms",
"Various bacterial infections (blood, brain, lungs)","For bacterial infections such as those affecting the blood, brain, or lungs, it is crucial to seek medical attention for proper diagnosis and treatment.",
Kidney Problems,"For kidney problems, it's essential to consult a healthcare professional for proper diagnosis and treatment. Home remedies may include staying hydrated by drinking plenty of water, reducing sodium intake, and consuming foods low in potassium and phosphorus.",
Iron deficiency,"Consume iron-rich foods such as red meat, poultry, fish, beans, lentils, spinach, and fortified cereals. Pair these foods with sources of vitamin C, such as citrus fruits or bell peppers, to enhance iron absorption.",
Bacterial Skin Infection,Clean the affected area with mild soap and warm water. Apply a warm compress to help drain any pus. Avoid scratching or picking at the infected area.,
Hyper Tension (high BP),"Reduce sodium intake, maintain a healthy weight, engage in regular exercise, limit alcohol consumption, and eat a balanced diet rich in fruits, vegetables, whole grains, and lean proteins.",
Edema,"Avoid sitting or standing for long periods, and limit salt intake. Compression stockings can help reduce swelling in the legs. Additionally, staying hydrated and engaging in regular physical activity can improve circulation and reduce fluid retention.",
Pneumonia,Stay Hydrated and Use a humidifier or steam inhalation to help ease breathing. Follow your healthcare professional's advice for managing symptoms and completing the prescribed treatment.,
Meningitis,Meningitis is a serious condition that requires immediate medical attention. Home remedies are not appropriate for treating meningitis. Seek medical help urgently if you suspect meningitis.,
Sepsis,"Sepsis is a life-threatening condition that requires immediate medical attention. Home remedies are not appropriate for treating sepsis. If you suspect sepsis, seek emergency medical care immediately.",
Type II Diabetes Mellitus,"Maintain a healthy diet rich in vegetables, fruits, and whole grains. Exercise regularly and monitor blood sugar levels. Drink water, limit sugary drinks, and avoid processed foods.",
High Blood Sugar,"To lower high blood sugar, drink plenty of water, exercise regularly, and consume foods low in carbohydrates, such as vegetables and lean proteins.",
Allergies,"To alleviate allergies, try natural remedies like saline nasal rinses, local honey consumption, and steam inhalation. Avoid allergens, keep windows closed during peak pollen times, and use air purifiers in your home.",
Blood Diseases,"For blood diseases, it's crucial to consult a medical professional for proper diagnosis and treatment. Treatment options vary depending on the specific blood disease and its severity. Follow the prescribed treatment plan, which may include medication, lifestyle changes, or medical procedures.",
Lupus,"Manage symptoms with rest, stress reduction, and a balanced diet. Protect your skin from the sun, and consider supplements like omega-3 fatty acids and vitamin D.",
Minor cuts,"For minor cuts, clean the wound with mild soap and water, then apply an over-the-counter antibiotic ointment. Cover the cut with a sterile bandage to protect it from dirt and bacteria.",
Hepatic encephalopathy,"Home remedies are not appropriate for this condition, and seeking professional medical care is crucial",
Sneezing,"For occasional sneezing due to irritants or allergies, try inhaling steam or drinking hot tea to soothe nasal passages. Stay hydrated, and consider using a saline nasal spray to ease congestion.",
Cold,"For a common cold, stay hydrated, rest, and consume warm liquids. Gargle with saltwater, use a humidifier, and consider over-the-counter remedies for symptom relief, such as decongestants or honey for soothing a sore throat.",
Thyroid,"Thyroid issues require medical evaluation. For general thyroid health, consume iodine-rich foods like seaweed and maintain a balanced diet. Ensure adequate selenium intake from nuts and seeds, and manage stress through relaxation techniques.",
Mouth ulcers,Rinse your mouth with a saltwater solution to soothe mouth ulcers. Apply honey or coconut oil for potential healing properties and consider avoiding spicy or acidic foods that may irritate the ulcers.,
Local anesthetic,"For minor pain relief, you can apply over-the-counter topical anesthetics like lidocaine or benzocaine to the affected area, following the product's instructions carefully. Always consult with a healthcare professional for appropriate use and if pain persists.",
Hypomagnesemia,"Hypomagnesemia, or low magnesium levels, should be addressed under medical guidance. Increase magnesium intake through foods like nuts, seeds, and leafy greens. However, it's crucial to consult a healthcare professional for proper diagnosis and treatment.",
Anaerobic infections,Anaerobic infections often require antibiotic treatment prescribed by a healthcare professional.,
Amoebiasis,"Amoebiasis, caused by the parasite Entamoeba histolytica, requires medical attention",
Antibiotic-associated colitis,consult a healthcare professional immediately.,
Athlete's foot,"Treat athlete's foot by keeping feet clean and dry, using antifungal creams like clotrimazole, and wearing breathable shoes. Change socks regularly, and consider using tea tree oil or vinegar foot soaks. If symptoms persist, consult a healthcare professional.",
Pityriasis,"For pityriasis rosea, maintain good hygiene, use moisturizers, and consider over-the-counter antihistamines for itching",
Abortion,Abortion is a medical procedure that should be conducted in a legal and safe environment. ,
Intestine infection,"intestinal infection, stay hydrated and consider the BRAT diet (bananas, rice, applesauce, and toast)",
Dryness inside the nose,"Drink plenty of water to stay hydrated, and consider using a humidifier in your living space. If dryness persists or is accompanied by other symptoms, consult with a healthcare professional.",
Meniere's disease,"For Meniere's disease, a condition affecting the inner ear, consult a healthcare professional for proper diagnosis and management",
Itching,"Ensure good skin hygiene, avoid hot water, and moisturize regularly",
Fits,"If someone is experiencing fits, put the iron in the hand and it is crucial to seek immediate medical attention.",
Seizures,"
During a seizure, stay calm and ensure the person's safety by moving nearby objects. Place them on their side to aid breathing and cushion their head. Do not put anything in their mouth",
Vitamin B6 deficiency,"To address Vitamin B6 deficiency, incorporate B6-rich foods like poultry, fish, bananas, and nuts into your diet.",
Liver failure,Liver failure is a serious medical condition requiring urgent medical attention,
Overactive thyroid,"overactive thyroid (hyperthyroidism), consult a healthcare professional for diagnosis and treatment",
Heart failure,there are no safe and effective home remedies for treating heart failure,
Peptic ulcer disease,"For peptic ulcer disease, consult a healthcare professional for diagnosis and treatment",
Gas problem,"To alleviate gas problems, try dietary adjustments like avoiding gas-producing foods, eating slowly, and chewing food thoroughly. Drink peppermint or ginger tea, and engage in regular physical activity",
Wound Infection with serious burns,"A wound infection with serious burns requires urgent medical attention. Do not attempt home remedies. Clean the wound gently, cover it with a sterile bandage, and seek emergency medical care",
Intravenous Fluid Replacement,Intravenous fluid replacement is a medical procedure conducted by healthcare professionals,
Allergic eye conditions,Do not use any home remedies that involve putting anything directly into your eye. This can introduce harmful bacteria or irritate your eyes further.,
Bipolar disorder,Consult a mental health professional for a comprehensive assessment and personalized treatment plan. Regular medical monitoring is essential for those with bipolar disorder.,
Muscle pains,"muscle pains, try rest, ice or heat packs, and over-the-counter pain relievers. Gentle stretching and massage may also help.",
Low levels of zinc,"To address low levels of zinc, include zinc-rich foods in your diet such as meat, nuts, seeds, and legumes. Consider zinc supplements under medical guidance if needed",
Skin irritations,"For minor skin irritations, clean the affected area with mild soap and water. Apply an over-the-counter hydrocortisone cream for itching and inflammation",
Tuberculosis,Tuberculosis requires immediate medical attention.,
Treatment of Vitamin A deficiency,"To address Vitamin A deficiency, include foods rich in vitamin A such as carrots, sweet potatoes, spinach, and liver in your diet.",
,,
,,
,,
,,
,,
,,
,,
,,
,,
,,
,,
,,
,,
,,
,,
,,
,,
,,
,,
,,
,,
,,
,,
,,
,,
,,
,,
,,
,,
,,
,,
,,
,,
,,
,,
,,
,,
,,
,,
,,
,,
,,
,,
,,
,,
,,
,,
,,
,,
,,
,,
,,
,,
,,
,,
,,
,,
,,
,,
,,
,,
,,
,,
,,
,,
,,
,,
,,
,,
,,
,,
,,
,,
,,
,,
,,
,,
,,
,,
,,
,,
,,
,,
,,
,,
,,
,,
,,
,,
,,
,,
,,
,,
,,
,,
,,
,,
,,
,,
,,
,,
,,
,,
,,
,,
,,
,,
,,
,,
,,
,,
,,
,,
,,
,,
,,
,,
,,
,,
,,
,,
,,
,,
,,
,,
,,
,,
,,
,,
,,
,,
,,
,,
,,
,,
,,
,,
,,
,,
,,
,,
,,
,,
,,
,,
,,
,,
,,
,,
,,
,,
,,
,,
,,
,,
,,
,,
,,
,,
,,
,,
,,
,,
,,
,,
,,
,,
,,
,,
,,
,,
,,
,,
,,
,,
,,
,,
,,
,,
,,
,,
,,
,,
,,
,,
,,
,,
,,
,,
,,
,,
,,
,,
,,
,,
,,
,,
,,
,,
,,
,,
,,
,,
,,
,,
,,
,,
,,
,,
,,
,,
,,
,,
,,
,,
,,
,,
,,
,,
,,
,,
,,
,,
,,
,,
,,
,,
,,
,,
,,
,,
,,
,,
,,
,,
,,
,,
,,
,,
,,
,,
,,
,,
,,
,,
,,
,,
,,
,,
,,
,,
,,
,,
,,
,,
,,
,,
,,
,,
,,
,,
,,
,,
,,
,,
,,
,,
,,
,,
,,
,,
,,
,,
,,
,,
,,
,,
,,
,,
,,
,,
,,
,,
,,
,,
,,
,,
,,
,,
,,
,,
,,
,,
,,
,,
,,
,,
,,
,,
,,
,,
,,
,,
,,
,,
,,
,,
,,
,,
,,
,,
,,
,,
,,
,,
,,
,,
,,
,,
,,
,,
,,
,,
,,
,,
,,
,,
,,
,,
,,
,,
,,
,,
,,
,,
,,
,,
,,
,,
,,
,,
,,
,,
,,
,,
,,
,,
,,
,,
,,
,,
,,
,,
,,
,,
,,
,,
,,
,,
,,
,,
,,
,,
,,
,,
,,
,,
,,
,,
,,
,,
,,
,,
,,
,,
,,
,,
,,
,,
,,
,,
,,
,,
,,
,,
,,
,,
,,
,,
,,
,,
,,
,,
,,
,,
,,
,,
,,
,,
,,
,,
,,
,,
,,
,,
,,
,,
,,
,,
,,
,,
,,
,,
,,
,,
,,
,,
,,
,,
,,
,,
,,
,,
,,
,,
,,
,,
,,
,,
,,
,,
,,
,,
,,
,,
,,
,,
,,
,,
,,
,,
,,
,,
,,
,,
,,
,,
,,
,,
,,
,,
,,
,,
,,
,,
,,
,,
,,
,,
,,
,,
,,
,,
,,
,,
,,
,,
,,
,,
,,
,,
,,
,,
,,
,,
,,
,,
,,
,,
,,
,,
,,
,,
,,
,,
,,
,,
,,
,,
,,
,,
,,
,,
,,
,,
,,
,,
,,
,,
,,
,,
,,
,,
,,
,,
,,
,,
,,
,,
,,
,,
,,
,,
,,
,,
,,
,,
,,
,,
,,
,,
,,
,,
,,
,,
,,
,,
,,
,,
,,
,,
,,
,,
,,
,,
,,
,,
,,
,,
,,
,,
,,
,,
,,
,,
,,
,,
,,
,,
,,
,,
,,
,,
,,
,,
,,
,,
,,
,,
,,
,,
,,
,,
,,
,,
,,
,,
,,
,,
,,
,,
,,
,,
,,
,,
,,
,,
,,
,,
,,
,,
,,
,,
,,
,,
,,
,,
,,
,,
,,
,,
,,
,,
,,
,,
,,
,,
,,
,,
,,
,,
,,
,,
,,
,,
,,
,,
,,
,,
,,
,,
,,
,,
,,
,,
,,
,,
,,
,,
,,
,,
,,
,,
,,
,,
,,
,,
,,
,,
,,
,,
,,
,,
,,
,,
,,
,,
,,
,,
,,
,,
,,
,,
,,
,,
,,
,,
,,
,,
,,
,,
,,
,,
,,
,,
,,
,,
,,
,,
,,
,,
,,
,,
,,
,,
,,
,,
,,
,,
,,
,,
,,
,,
,,
,,
,,
,,
,,
,,
,,
,,
,,
,,
,,
,,
,,
,,
,,
,,
,,
,,
,,
,,
,,
,,
,,
,,
,,
,,
,,
,,
,,
,,
,,
,,
,,
,,
,,
,,
,,
,,
,,
,,
,,
,,
,,
,,
,,
,,
,,
,,
,,
,,
,,
,,
,,
,,
,,
,,
,,
,,
,,
,,
,,
,,
,,
,,
,,
,,
,,
,,
,,
,,
,,
,,
,,
,,
,,
,,
,,
,,
,,
,,
,,
,,
,,
,,
,,
,,
,,
,,
,,
,,
,,
,,
,,
,,
,,
,,
,,
,,
,,
,,
,,
,,
,,
,,
,,
,,
,,
,,
,,
,,
,,
,,
,,
,,
,,
,,
,,
,,
,,
,,
,,
,,
,,
,,
,,
,,
,,
,,
,,
,,
,,
,,
,,
,,
,,
,,
,,
,,
,,
,,
,,
,,
,,
,,
,,
,,
,,
,,
,,
,,
,,
,,
,,
,,
,,
,,
,,
,,
,,
,,
,,
,,
,,
,,
,,
,,
,,
,,
,,
,,
,,
,,
,,
,,
,,
,,
,,
,,
,,
,,
,,
,,
,,
,,
,,
,,
,,
,,
,,
,,
,,
,,
,,
,,
,,
,,
,,
,,
,,
,,
,,
,,
,,
,,
,,
,,
,,
,,
,,
,,
,,
,,
,,
,,
,,
,,
,,
